"ID","EventId","PersonId"
2,134,10
3,138,11
4,138,12
5,140,13
6,157,18
7,157,19
8,158,21
9,163,29
10,164,30
11,165,31
12,165,32
13,165,33
14,165,34
15,171,37
16,177,38
17,181,39
18,183,40
19,197,42
20,201,43
21,202,44
22,206,45
23,232,47
24,236,48
25,252,50
26,271,51
27,272,52
28,284,53
31,301,58
33,301,60
35,302,62
36,303,63
37,306,65
38,306,66
39,304,67
40,308,68
41,320,69
42,321,70
43,323,71
44,328,72
45,339,73
46,341,74
47,342,75
48,344,76
49,346,77
50,352,78
51,353,79
52,354,80
53,355,81
54,355,82
55,356,83
56,359,84
57,360,85
58,368,86
59,369,87
60,370,88
61,378,89
62,379,90
63,381,91
64,385,94
65,385,95
66,385,96
67,388,97
68,390,99
69,391,100
70,391,101
71,398,102
72,399,103
73,405,104
74,406,105
75,410,106
76,411,107
77,414,108
78,416,109
79,420,110
80,423,111
81,423,112
82,423,113
83,423,113
84,425,115
85,428,116
86,431,117
87,434,118
88,437,119
89,438,120
90,439,121
91,440,122
92,441,123
93,443,124
94,444,125
95,445,126
96,448,127
97,449,128
98,450,129
99,451,130
100,452,131
101,453,132
102,456,133
103,459,134
104,461,135
105,462,136
106,465,137
107,466,138
108,467,139
109,467,140
110,473,141
111,475,142
112,485,143
113,491,146
114,492,147
115,496,148
116,498,149
117,500,150
118,505,151
119,511,154
120,511,155
121,511,156
122,512,157
123,514,158
124,521,159
125,522,160
126,522,161
127,539,162
128,541,163
129,541,164
130,542,165
131,556,166
132,558,168
133,567,169
134,568,170
135,569,171
136,570,172
137,572,173
138,595,176
139,606,177
140,613,178
141,613,179
142,614,180
143,615,181
144,618,182
145,620,183
146,621,184
147,623,185
148,623,186
149,625,187
150,629,188
151,629,189
152,633,190
153,634,191
154,635,192
155,636,193
156,638,194
157,638,195
158,649,198
159,649,199
160,666,200
161,666,201
162,667,202
163,668,203
164,670,204
165,672,205
166,672,206
167,673,207
168,676,208
169,677,209
170,679,210
171,680,211
172,680,212
173,680,213
174,680,214
175,681,215
176,685,219
177,685,220
178,685,221
179,685,222
180,685,223
181,685,224
182,685,225
183,685,226
184,686,227
185,686,228
186,686,229
187,686,230
188,686,231
189,689,232
190,695,233
191,694,234
192,704,235
193,704,236
194,709,237
195,733,238
196,734,239
197,734,240
198,734,241
199,737,242
200,738,243
201,739,244
202,738,245
203,737,246
204,741,247
205,738,248
206,738,249
207,738,250
208,749,251
209,737,252
210,743,253
211,741,254
212,738,255
213,745,256
214,737,257
215,741,258
216,738,259
217,749,260
218,738,261
219,752,262
220,753,263
221,740,264
222,754,265
223,755,266
224,756,267
225,759,268
226,760,269
227,761,270
228,763,271
229,765,272
230,766,273
231,768,274
232,770,275
233,769,276
234,775,277
235,776,278
236,777,279
237,778,280
238,780,281
239,784,282
240,783,283
241,785,284
242,786,285
243,786,286
244,787,287
245,788,288
246,816,289
247,817,290
248,820,291
249,821,292
250,825,293
251,824,294
252,826,295
253,831,297
254,831,298
255,832,299
256,834,300
257,835,301
258,836,302
259,837,303
260,838,304
261,839,305
262,844,306
263,844,307
264,846,308
265,847,309
266,852,310
267,851,311
268,851,312
269,851,313
270,853,314
271,855,315
272,856,316
273,860,317
274,862,318
275,865,319
276,866,17
277,867,320
278,868,321
279,870,322
280,876,323
281,758,324
282,878,325
283,882,326
284,883,327
285,890,328
286,890,329
287,891,330
288,892,331
289,912,332
290,913,333
291,914,334
292,916,335
293,917,336
294,918,337
295,918,338
296,921,339
297,922,340
298,923,341
299,925,342
300,926,343
301,927,344
302,934,345
303,935,346
304,940,347
305,955,348
306,957,349
307,957,350
308,958,351
309,967,352
310,967,353
311,969,354
312,970,355
313,970,356
314,970,357
315,972,358
316,977,359
317,978,360
318,979,361
319,980,362
320,981,363
321,982,364
322,984,365
323,984,366
324,986,367
325,991,368
326,995,369
327,993,370
328,993,371
329,1010,372
330,1013,373
331,1018,375
332,1015,376
333,1015,377
334,1020,378
335,1021,379
336,1021,380
337,1021,381
338,1022,382
339,1024,383
340,1026,384
341,1027,385
342,1028,386
343,1028,387
344,1030,388
345,1032,389
346,1031,390
347,1032,391
348,1034,392
349,1034,393
350,1033,394
351,1033,395
352,1033,396
353,1033,397
354,1033,398
355,1033,399
356,1037,400
357,1039,401
358,1040,402
359,1041,403
360,1044,404
361,1045,405
362,1065,406
363,1071,407
364,1072,408
365,1073,409
366,1074,410
367,1075,411
368,1076,412
369,1078,413
370,1080,414
371,1084,415
372,1090,416
373,1092,417
374,1084,418
375,1103,419
376,1108,420
377,1108,421
378,1108,422
379,1109,423
380,1113,424
381,1115,425
382,1112,426
383,1120,427
384,1121,428
385,1123,429
386,1123,430
387,1128,431
388,1129,432
389,1130,433
390,1138,434
391,1139,435
392,1141,436
393,1143,437
394,1144,438
395,1146,439
396,1148,440
397,1152,441
398,1152,442
399,1154,443
400,1155,444
401,1163,445
402,1172,446
403,1175,447
404,1176,448
405,1176,449
406,1180,450
407,1180,451
408,1181,443
409,1181,452
410,1184,453
411,1185,454
412,1188,455
413,1193,456
414,1194,457
415,1195,458
416,1196,459
417,1198,460
418,1199,461
419,1198,462
420,1202,463
421,1202,464
422,1202,465
423,1202,466
424,1204,467
425,1204,468
426,1205,469
427,1206,470
428,1208,471
429,1210,472
430,1213,473
431,1213,474
432,1215,475
433,1216,476
434,1218,477
435,1220,478
436,1226,479
437,1227,480
438,1229,481
439,1231,482
440,1231,483
441,1230,484
442,1233,485
443,1236,486
444,1242,487
445,1244,488
446,1244,489
447,1244,490
448,1244,491
449,1244,492
450,1244,493
451,1266,494
452,1273,495
453,1274,496
454,1274,497
455,1276,498
456,1280,499
457,1283,500
458,1283,501
459,1288,502
460,1289,503
461,1292,504
462,1293,505
463,1294,506
464,1296,510
465,1298,511
466,1299,512
467,1301,513
468,1303,514
469,1304,515
470,1304,516
471,1304,517
472,1304,518
473,1304,519
474,1304,520
475,1306,521
476,1305,522
477,1305,523
478,1305,524
479,1307,525
480,1313,526
481,1313,527
482,1326,528
483,1328,529
484,1329,530
485,1330,531
486,1332,535
487,1332,536
488,1332,537
489,1334,538
490,1336,539
491,1336,540
492,1345,541
493,1346,542
494,1347,543
495,1348,544
496,1349,545
497,1381,547
498,1382,548
499,1383,549
500,1384,550
501,1385,551
502,1387,552
503,1388,553
504,1389,554
505,1391,555
506,1393,556
507,1397,557
508,1397,558
509,1398,559
510,1400,560
511,1407,561
512,1411,562
513,1413,563
514,1418,564
515,1421,565
516,1420,566
517,1421,567
518,1422,568
519,1423,571
520,1428,572
521,1429,573
522,1429,574
523,1431,575
524,1431,576
525,1433,577
526,1442,578
527,1442,579
528,1442,580
529,1446,581
530,1447,582
531,1452,585
532,1453,586
533,1454,587
534,1454,588
535,1455,589
536,1458,590
537,1459,591
538,1460,592
539,1460,593
540,1461,594
541,1462,595
542,1464,596
543,1467,597
544,1468,598
545,1470,599
546,1470,600
547,1471,600
548,1471,601
549,1472,601
550,1534,602
551,1535,603
552,1537,604
553,1537,605
554,1540,606
555,1541,607
556,1543,608
557,1542,609
558,1542,610
559,1545,611
560,1546,612
561,1547,613
562,1550,614
563,1548,615
564,1554,616
565,1557,617
566,1558,618
567,1559,619
568,1561,620
569,1561,621
570,1563,622
571,1562,623
572,1565,624
573,1564,625
574,1566,626
575,1566,627
576,1564,628
577,1567,591
578,1567,629
579,1569,630
580,1571,631
581,1573,632
582,1575,634
583,1581,635
584,1578,636
585,1582,635
586,1583,637
587,1583,638
588,1584,639
589,1594,640
590,1594,641
591,1594,642
592,1597,643
593,1599,644
594,1600,645
595,1605,646
596,1607,647
597,1608,648
598,1609,649
599,1612,650
600,1613,651
601,1614,652
602,1614,653
603,1615,654
604,1615,655
605,1617,656
606,1618,657
607,1619,658
608,1621,659
609,1620,660
610,1622,661
611,1624,662
612,1630,663
613,1631,664
614,1632,665
615,1643,666
616,1644,670
617,1650,671
618,1658,672
619,1658,673
620,1662,674
621,1665,675
622,1666,676
623,1671,87
624,1679,677
625,1682,678
626,1674,679
627,1684,680
628,1692,681
629,1694,681
630,1694,682
631,1699,683
632,1703,684
633,1705,685
634,1706,686
635,1706,687
636,1700,688
637,1709,689
638,1708,690
639,1708,691
640,1712,692
641,1713,693
642,1717,694
643,1719,695
644,1721,696
645,1720,697
646,1727,698
647,1731,699
648,1731,700
649,1733,701
650,1734,702
651,1737,703
652,1740,704
653,1741,705
654,1742,706
655,1743,707
656,1746,708
657,1746,709
658,1746,710
659,1746,711
660,1754,712
661,1753,713
662,1755,714
663,1755,715
664,1757,716
665,1757,717
666,1759,718
667,1761,719
668,1762,720
669,1762,721
670,1762,722
671,1762,723
672,1762,724
673,1764,725
674,1767,726
675,1766,727
676,1768,727
677,1769,728
678,1797,729
679,1797,730
680,1797,731
681,1804,732
682,1804,733
683,1802,734
684,1804,735
685,1803,736
686,1804,737
687,1804,738
688,1804,739
689,1803,740
690,1802,741
691,1804,742
692,1803,743
693,1798,744
694,1805,744
695,1805,745
696,1802,746
697,1806,747
698,1804,748
699,1803,749
700,1804,750
701,1804,751
702,1804,752
703,1804,754
704,1804,755
705,1812,757
706,1814,760
707,1803,759
708,1803,761
709,1815,762
710,1816,763
711,1818,764
712,1819,765
713,1813,766
714,1820,767
715,1820,768
716,1821,769
717,1824,770
718,1825,771
719,1827,772
720,1828,770
721,1830,770
722,1831,773
723,1833,774
724,1834,775
725,1834,776
726,1825,777
727,1835,778
728,1840,779
729,1844,780
730,1847,781
731,1847,782
732,1849,783
733,1850,784
734,1884,785
735,1888,786
736,1889,787
737,1891,788
738,1894,789
739,1896,790
740,1897,791
741,1897,792
742,1897,793
743,1898,794
744,1898,795
745,1899,796
746,1900,798
747,1900,799
748,1900,800
749,1902,801
750,1904,802
751,1922,803
752,1923,804
753,1925,805
754,1927,806
755,1924,807
756,1928,808
757,1929,809
758,1935,810
759,1938,811
760,1940,812
761,1942,813
762,1943,814
763,1944,817
764,1947,818
765,1945,417
766,1945,819
767,1946,820
768,1950,821
769,1952,822
770,1953,823
771,1953,824
772,1953,825
773,1955,826
774,1953,827
775,1956,828
776,1957,829
777,1959,831
778,1962,832
779,1958,833
780,1958,834
781,1959,835
782,1963,836
783,1970,837
784,1973,838
785,1973,839
786,1974,840
787,1975,841
788,1981,842
789,1985,843
790,1987,844
791,1989,845
792,1989,846
793,1989,847
794,1990,848
795,1991,849
796,1994,850
797,1992,851
798,1994,852
799,1994,853
800,1994,854
801,1992,854
802,1995,855
803,1994,856
804,1994,857
805,1994,858
806,1992,859
807,1999,860
808,1999,861
809,1999,862
810,1994,863
811,1999,864
812,1995,865
813,2000,866
814,1992,868
815,2001,869
816,2000,870
817,2002,871
818,2004,870
819,1994,872
820,1995,873
821,1994,874
822,2008,875
823,2010,876
824,2012,877
825,2015,878
826,2011,879
827,2016,880
828,2020,881
829,2019,882
830,2021,883
831,2024,884
832,2027,885
833,2031,886
834,2035,887
835,2038,888
836,2046,889
837,2047,890
838,2050,891
839,2075,892
840,2075,893
841,2075,894
842,2077,895
843,2081,896
844,2082,897
845,2083,898
846,2085,899
847,2086,900
848,2086,901
849,2089,902
850,2090,903
851,2093,904
852,2095,906
853,2095,907
854,2096,908
855,2098,909
856,2099,910
857,2098,911
858,2100,912
859,2103,913
860,2104,914
861,2104,915
862,2107,916
863,2109,917
864,2115,918
865,2116,919
866,2120,920
867,2121,921
868,2124,922
869,2127,923
870,2129,924
871,2134,926
872,2137,928
873,2138,929
874,2138,930
875,2140,931
876,2143,932
877,2142,933
878,2141,934
879,2144,935
880,2141,936
881,2142,937
882,2142,938
883,2146,939
884,2141,940
885,2145,941
886,2142,942
887,2141,943
888,2142,944
889,2142,945
890,2142,946
891,2147,947
892,2141,948
893,2142,949
894,2142,950
895,2142,951
896,2149,952
897,2155,953
898,2154,954
899,2157,955
900,2158,956
901,2159,957
902,2160,958
903,2161,959
904,2162,960
905,2170,961
906,2182,962
907,2184,963
908,2187,964
909,2185,965
910,2189,966
911,2192,967
912,2193,968
913,2197,972
914,2198,973
915,2199,974
916,2201,976
917,2202,977
918,2204,978
919,2208,981
920,2206,980
921,2208,983
922,2209,984
923,2212,985
924,2214,986
925,2215,987
926,2216,988
927,2216,989
928,2211,990
929,2218,991
930,2222,992
931,2221,993
932,2223,994
933,2224,809
934,2225,995
935,2229,996
936,2231,997
937,2231,998
938,2233,1000
939,2236,1001
940,2237,1002
941,2241,1003
942,2247,1004
943,2248,1005
944,2251,1006
945,2254,1007
946,2254,1008
947,2254,1009
948,2254,1010
949,2254,1011
950,2255,1012
951,2255,1013
952,2260,1014
953,2261,1015
954,2259,1016
955,2259,1017
956,2259,1018
957,2259,1019
958,2265,1020
959,2267,1021
960,2267,1022
961,2268,1023
962,2270,1024
963,2271,1025
964,2275,1026
965,2272,1027
966,2293,1028
967,2294,1029
968,2288,1030
969,2296,1030
970,2297,1031
971,2298,1032
972,2300,1033
973,2302,1034
974,2302,1035
975,2307,1036
976,2308,1037
977,2310,1038
978,2312,1039
979,2314,1040
980,2314,1041
981,2315,1042
982,2316,1043
983,2318,1044
984,2319,1045
985,2322,1046
986,2317,1047
987,2330,1048
988,2334,1049
989,2337,1050
990,2340,1051
991,2342,1053
992,2343,1054
993,2344,1055
994,2348,1056
995,2345,1057
996,2349,1058
997,2348,1059
998,2351,1060
999,2352,1061
1000,2356,1062
1001,2355,1063
1002,2357,1064
1003,2358,1065
1004,2358,1066
1005,2358,1067
1006,2367,1068
1007,2369,1069
1008,2370,1070
1009,2373,1073
1010,2374,1074
1011,2374,1071
1012,2374,1073
1013,2378,1075
1014,2381,1076
1015,2386,1077
1018,2387,1081
1019,2387,1079
1020,2391,1083
1021,2394,1084
1022,2395,1085
1023,2396,1086
1024,2396,1087
1025,2398,1088
1026,2402,1089
1027,2403,1090
1028,2403,1091
1029,2406,1092
1030,2409,1093
1031,2410,1094
1032,2415,1095
1033,2417,1096
1034,2421,1097
1035,2422,1098
1036,2424,1099
1037,2424,1100
1038,2427,1101
1039,2428,1102
1040,2431,1103
1041,2432,1104
1042,2433,1105
1043,2433,1106
1044,2433,1107
1045,2437,1108
1046,2439,1109
1047,2445,1110
1048,2449,1111
1049,2452,1112
1050,2458,1113
1051,2454,1114
1052,2459,1115
1053,2461,1116
1054,2459,1117
1055,2459,1118
1056,2459,1119
1057,2466,1120
1058,2467,1121
1059,2470,1122
1060,2472,1123
1061,2476,1124
1062,2481,1125
1063,2486,1126
1064,2490,1127
1065,2493,1128
1066,2499,1129
1067,2499,1130
1068,2502,1131
1069,2503,1132
1070,2505,1133
1071,2508,1134
1072,2516,1135
1073,2519,1136
1074,2522,1137
1075,2523,1138
1076,2529,1139
1077,2530,1140
1078,2531,1141
1079,2527,1142
1080,2535,1143
1081,2537,1144
1082,2537,1145
1083,2536,694
1084,2540,1146
1085,2541,1147
1086,2542,1148
1087,2545,1149
1088,2546,1150
1089,2547,1151
1090,2547,1153
1091,2548,1154
1092,2549,1155
1093,2549,1156
1094,2553,1158
1095,2553,1157
1096,2556,1159
1097,2561,1160
1098,2563,1161
1099,2563,1162
1100,2564,1163
1101,2566,1164
1102,2567,1165
1103,2568,1166
1104,2574,1167
1105,2580,1168
1106,2581,1169
1107,2582,1170
1108,2584,1171
1109,2586,1172
1110,2601,1173
1111,2602,1174
1112,2606,1175
1113,2607,1176
1114,2608,1177
1115,2610,1178
1116,2612,1179
1117,2612,1180
1118,2612,1181
1119,2613,1182
1120,2616,1183
1121,2618,1185
1122,2619,1185
1123,2622,1186
1124,2624,1187
1125,2629,1188
1126,2632,1189
1127,2634,1190
1128,2637,1191
1129,2640,1192
1130,2641,1193
1131,2642,1194
1132,2641,1195
1133,2643,1196
1134,2645,1197
1135,2649,1198
1136,2651,1199
1137,2651,1200
1138,2655,1201
1139,2655,1202
1140,2659,1203
1141,2660,1204
1142,2661,1205
1143,2660,1206
1144,2660,1207
1145,2661,1208
1146,2661,1209
1147,2663,1210
1148,2663,1211
1149,2663,1212
1150,2663,1213
1151,2665,1214
1152,2669,1215
1153,2670,1216
1154,2671,1217
1155,2673,1218
1156,2674,1219
1157,2674,1220
1158,2675,1220
1159,2676,1221
1160,2677,1222
1161,2678,1223
1162,2678,1224
1163,2678,1225
1164,2679,1226
1165,2681,1227
1166,2680,1228
1167,2682,1229
1168,2682,1230
1169,2685,1231
1170,2687,1232
1171,2690,1233
1172,2691,1234
1173,2693,1235
1174,2696,906
1175,2699,1236
1176,2704,1237
1177,2705,1238
1178,2705,1239
1179,2705,1240
1180,2705,1241
1181,2705,1242
1182,2707,1243
1183,2709,1244
1184,2710,1245
1185,2711,1246
1186,2712,1247
1187,2713,1248
1188,2715,1249
1189,2716,1250
1190,2717,1251
1191,2718,1252
1192,2719,1253
1193,2722,1254
1194,2722,1255
1195,2724,1256
1196,2726,1257
1197,2727,1258
1198,2729,1259
1199,2732,1260
1200,2733,1261
1201,2734,1262
1202,2743,1263
1203,2747,1264
1204,2748,1265
1205,2746,1266
1206,2746,1267
1207,2750,1268
1208,2755,1269
1209,2755,1270
1210,2755,1271
1211,2757,1272
1212,2757,1273
1213,2758,1274
1214,2759,1275
1215,2763,1276
1216,2768,1277
1217,2769,1278
1218,2769,1279
1219,2770,1279
1220,2771,1280
1221,2772,1281
1222,2773,1282
1223,2778,1283
1224,2780,1284
1225,2782,1285
1226,2783,1286
1227,2784,1287
1228,2785,1288
1229,2788,1289
1230,2794,1290
1231,2797,1291
1232,2799,1292
1233,2799,1293
1234,2799,1294
1235,2803,728
1236,2806,1296
1237,2807,1297
1238,2809,1298
1239,2808,1299
1240,2811,1299
1241,2808,1300
1242,2815,1301
1243,2817,1302
1244,2825,1303
1245,2820,1304
1246,2823,1305
1247,2824,1306
1248,2828,1307
1249,2828,1308
1250,2830,1309
1251,2829,1310
1252,2836,1313
1253,2833,1314
1254,2837,1315
1255,2840,1316
1256,2846,1317
1257,2847,1318
1258,2845,1319
1259,2845,1320
1260,2851,1321
1261,2853,1322
1262,2855,1323
1263,2857,1324
1264,2858,1325
1265,2859,1326
1266,2865,1327
1267,2866,1328
1268,2866,1329
1269,2866,1330
1270,2866,1331
1271,2867,1332
1272,2869,1333
1273,2873,1334
1274,2876,119
1275,2877,1335
1276,2878,1336
1277,2880,1337
1278,2881,1338
1279,2882,1339
1280,2882,1340
1281,2887,1341
1282,2890,1342
1283,2891,1343
1284,2891,1342
1285,2891,1344
1286,2891,1345
1287,2891,1346
1288,2891,1347
1289,2891,1348
1290,2819,1349
1291,2897,1350
1292,2899,1351
1293,2899,1352
1294,2899,1353
1295,2902,1354
1296,2902,1355
1297,2903,1356
1298,2904,1357
1299,2905,1358
1300,2905,1359
1301,2908,1360
1302,2911,1361
1303,2913,1362
1304,2913,801
1305,2915,1363
1306,2916,1364
1307,2917,1365
1308,2921,1366
1309,2923,1367
1310,2923,1368
1311,2925,1369
1312,2926,1370
1313,2928,1371
1314,2928,1372
1315,2933,1373
1316,2934,1374
1317,2939,1375
1318,2941,1376
1319,2954,1379
1320,2956,1380
1321,2956,1381
1322,2957,1382
1323,2959,1383
1324,2955,1384
1325,2964,1385
1326,2965,417
1327,2966,1386
1328,2968,1387
1329,2969,1388
1330,2961,1389
1331,2962,1390
1332,2975,1391
1333,2977,1392
1334,2978,1393
1335,2979,1394
1336,2980,1395
1337,2981,1396
1338,2983,1397
1339,2984,1398
1340,2986,1399
1341,2987,1400
1342,2988,1401
1343,2990,1402
1344,2991,1403
1345,2992,1404
1346,2993,1405
1347,2994,1406
1348,2995,1407
1349,2996,1408
1350,2996,1409
1351,2997,1410
1352,2998,1411
1353,2999,1412
1354,3000,1413
1355,3001,1414
1356,3003,1415
1357,3004,1416
1358,3007,1417
1359,3008,1418
1360,3010,1419
1361,3006,1420
1362,3012,1421
1363,3018,1422
1364,3019,1423
1365,3021,1424
1366,3022,1425
1367,3023,1426
1368,3025,1427
1369,3026,1428
1370,3028,1429
1371,3029,1430
1372,3034,1431
1373,3032,1432
1374,3035,1433
1375,3034,1434
1376,3034,1435
1377,3034,1436
1378,3033,1437
1379,3034,1438
1380,3038,1439
1381,3040,1440
1382,3043,1441
1383,3043,1442
1384,3045,1443
1385,3049,1444
1386,3050,1445
1387,3051,1446
1388,3052,1447
1389,3054,1448
1390,3052,1449
1391,3057,1450
1392,3058,1451
1393,3059,1452
1394,3064,1453
1395,3069,1454
1396,3071,149
1397,3075,1455
1398,3076,1456
1399,3080,1457
1400,3081,1458
1401,3083,1459
1402,3085,1460
1403,3086,1461
1404,3091,1462
1405,3092,1463
1406,3093,1464
1407,3095,1465
1408,3097,1466
1409,3097,1467
1410,3098,1468
1411,3102,1469
1412,3101,1471
1413,3101,1472
1414,3099,1473
1415,3099,1474
1416,3099,1475
1417,3099,1476
1418,3099,1477
1419,3099,1478
1420,3099,1479
1421,3105,1480
1422,3113,1482
1423,3115,1483
1424,3116,1485
1425,3117,1486
1426,3118,1487
1427,3119,1488
1428,3121,1489
1429,3123,1490
1430,3124,1491
1431,3124,1492
1432,3125,1493
1433,3127,1494
1434,3130,1495
1435,3131,1496
1436,3133,1497
1437,3130,1498
1438,3139,1499
1439,3147,1500
1440,3149,1501
1441,3146,1502
1442,3152,1504
1443,3153,1505
1444,3154,1506
1445,3154,392
1446,3158,1507
1447,3159,1508
1448,3159,1509
1449,3160,1510
1450,3161,1511
1451,3169,1512
1452,3166,1513
1453,3166,1514
1454,3166,1515
1455,3166,1516
1456,3174,1517
1457,3176,1518
1458,3181,1519
1459,3182,1520
1460,3183,1521
1461,3185,1522
1462,3186,1523
1463,3186,1524
1464,3188,1525
1465,3191,1526
1466,3192,1527
1467,3197,1528
1468,3197,1529
1469,3197,1530
1470,3197,1531
1471,3199,1532
1472,3200,1533
1473,3201,1534
1474,3204,1535
1475,3205,1536
1476,3195,1537
1477,3208,1538
1478,3211,1539
1479,3213,1511
1480,3224,1540
1481,3224,1541
1482,3225,1542
1483,3226,1543
1484,3227,1544
1485,3230,1545
1486,3231,1546
1487,3237,1547
1488,3238,1548
1489,3240,1549
1490,3241,1550
